字段中文名,字段英文名,字段类型,字段所属表英文名
公司代码,Company_code,char(100),BalanceSheet
报表日期,Report_date,date,BalanceSheet
单位,unit,char(100),BalanceSheet
资产,assets,"double(30,10)",BalanceSheet
存放中央银行款,Central_bank_deposit,"double(30,10)",BalanceSheet
结算准备金,Settlement_reserve,"double(30,10)",BalanceSheet
贵金属,Noble_metal,"double(30,10)",BalanceSheet
存放同业款项,Deposit_interbank_payments,"double(30,10)",BalanceSheet
拆出资金,Lendings_to_Banks_Other_Financial_Institutions,"double(30,10)",BalanceSheet
其中:拆放同业,the_demolition_release_of_the_same_industry,"double(30,10)",BalanceSheet
拆放金融性公司,Open_finance_company,"double(30,10)",BalanceSheet
存放联行款项,Deposit_money_bank,"double(30,10)",BalanceSheet
存出发钞基金,Cash_deposit_fund,"double(30,10)",BalanceSheet
衍生金融工具资产,Derivative_financial_instruments_assets,"double(30,10)",BalanceSheet
买入返售金融资产,Buying_back_the_sale_of_financial_assets,"double(30,10)",BalanceSheet
贴现,discount,"double(30,10)",BalanceSheet
进出口押汇,bill_purchased,"double(30,10)",BalanceSheet
预付账款,Advance_payment,"double(30,10)",BalanceSheet
发放贷款及垫款<客户贷款>,Loans_and_advances_to_customers_for_loans,"double(30,10)",BalanceSheet
减:贷款损失准备,Less_provision_for_loan_loss,"double(30,10)",BalanceSheet
代理业务资产,Agency_business_assets,"double(30,10)",BalanceSheet
其中:投资子公司,Investment_subsidiary,"double(30,10)",BalanceSheet
应收投资款项,Receivable_investment,"double(30,10)",BalanceSheet
待摊费用,Prepaid_expenses,"double(30,10)",BalanceSheet
固定资产净额,Net_fixed_assets,"double(30,10)",BalanceSheet
待处理抵债资产,To_deal_with_foreclosed_assets,"double(30,10)",BalanceSheet
减:抵债资产减值准备,Foreclosed_assets_impairment,"double(30,10)",BalanceSheet
待处理抵债资产净额,To_deal_with_the_net_assets,"double(30,10)",BalanceSheet
递延税款借项,Deferred_tax_acount,"double(30,10)",BalanceSheet
其他资产,Other_assets,"double(30,10)",BalanceSheet
减:不良资产处置损失专项准备,SpecialPreparationTheDisposalNonPerformingAssets,"double(30,10)",BalanceSheet
负债,liabilities,"double(30,10)",BalanceSheet
向中央银行借款,Borrowing_from_the_Central_Bank,"double(30,10)",BalanceSheet
发行货币债务,Issue_currency_debt,"double(30,10)",BalanceSheet
同业存入及拆入,Deposit_and_interbank_borrowing,"double(30,10)",BalanceSheet
其中:同业存放款项,Interbank_deposits,"double(30,10)",BalanceSheet
拆入资金,Loans_from_other_banks,"double(30,10)",BalanceSheet
联行存放款项,LaSalle_deposit_of_money,"double(30,10)",BalanceSheet
外国政府借款,Foreign_government_loans,"double(30,10)",BalanceSheet
衍生金融工具负债,Derivative_financial_instruments_liabilities,"double(30,10)",BalanceSheet
卖出回购金融资产款,Sold_under_agreements_to_repurchase,"double(30,10)",BalanceSheet
客户存款<吸收存款>,Customer_deposits,"double(30,10)",BalanceSheet
票据融资,Bill_financing,"double(30,10)",BalanceSheet
应解汇款及临时存款,Remittance_and_temporary_deposits,"double(30,10)",BalanceSheet
预提费用,Accrued_expenses,"double(30,10)",BalanceSheet
发行存款证,Issuance_of_certificates_of_deposit,"double(30,10)",BalanceSheet
汇出汇款,Outward_remittance,"double(30,10)",BalanceSheet
应付福利费,Welfare_payable,"double(30,10)",BalanceSheet
应交税费,Taxes_payable,"double(30,10)",BalanceSheet
应付账款,Accounts_payable,"double(30,10)",BalanceSheet
代理业务负债,Agency_business_liabilities,"double(30,10)",BalanceSheet
递延收益,Deferred_income,"double(30,10)",BalanceSheet
其中:应付次级债券,Subordinated_bonds,"double(30,10)",BalanceSheet
其他负债,Other_liabilities,"double(30,10)",BalanceSheet
所有者权益,Total_owners_equity,"double(30,10)",BalanceSheet
股本,Paid_in_capital,"double(30,10)",BalanceSheet
可供出售类投资未实现损益(公允价值变动储备),AvailableForSaleInvestmentsUnrealizedGainsAndLosses,"double(30,10)",BalanceSheet
持有至到期投资未结转损益,HeldToMaturityInvestmentsAreNotCarriedForwardLosses,"double(30,10)",BalanceSheet
减:库藏股,Treasury_shares,"double(30,10)",BalanceSheet
一般风险准备,General_risk_preparation,"double(30,10)",BalanceSheet
信托赔偿准备金,Trust_compensation_reserve,"double(30,10)",BalanceSheet
其中:拟分配现金股利,The_proposed_distribution_of_cash_dividends,"double(30,10)",BalanceSheet
外币报表折算差额,Currency_translation_differences,"double(30,10)",BalanceSheet
其他储备,Other_reserves,"double(30,10)",BalanceSheet
归属于母公司股东的权益,Attributable_to_the_equity_holders_of_the_parent,"double(30,10)",BalanceSheet
股东权益合计,Total_shareHolder_equity,"double(30,10)",BalanceSheet
负债及股东权益总计,Total_liabilities_and_owners,"double(30,10)",BalanceSheet
年度,Year,date,BalanceSheet
报告期,Reporting_period,date,BalanceSheet
证券代码,Stock_code,char(100),BalanceSheet
货币资金,Monetary_resources,"double(30,10)",BalanceSheet
交易性金融资产,Trading_securities,"double(30,10)",BalanceSheet
应收票据,Bill_receivable,"double(30,10)",BalanceSheet
应收账款,Accounts_receivable,"double(30,10)",BalanceSheet
预付款项,Advance_payment_account,"double(30,10)",BalanceSheet
其他应收款,Receivable_other,"double(30,10)",BalanceSheet
应收关联公司款,Accounts_receivable_associate_company,"double(30,10)",BalanceSheet
应收利息,Interest_receivable,"double(30,10)",BalanceSheet
应收股利,Dividends_receivable,"double(30,10)",BalanceSheet
存货,Stock,"double(30,10)",BalanceSheet
其中：消耗性生物资产,Among_them_the_consumption_of_biological_assets,"double(30,10)",BalanceSheet
一年内到期的非流动资产,Non_current_assets_due_within_one_year,"double(30,10)",BalanceSheet
其他流动资产,Other_current_assets,"double(30,10)",BalanceSheet
流动资产合计,Total_current_assets,"double(30,10)",BalanceSheet
可供出售金融资产,Financial_assets_available_for_sale,"double(30,10)",BalanceSheet
持有至到期投资,Held_to_maturity_investments,"double(30,10)",BalanceSheet
长期应收款,Long_term_receivables,"double(30,10)",BalanceSheet
长期股权投资,Long_term_equity_investment,"double(30,10)",BalanceSheet
投资性房地产,Investment_real_estate,"double(30,10)",BalanceSheet
固定资产,Fixed_assets,"double(30,10)",BalanceSheet
在建工程,Construction_in_process,"double(30,10)",BalanceSheet
工程物资,Engineering_materials,"double(30,10)",BalanceSheet
固定资产清理,Fixed_assets_liquidation,"double(30,10)",BalanceSheet
生产性生物资产,Productive_biological_assets,"double(30,10)",BalanceSheet
油气资产,Oil_and_gas_assets,"double(30,10)",BalanceSheet
无形资产,Immaterial_assets,"double(30,10)",BalanceSheet
开发支出,Development_expenditure,"double(30,10)",BalanceSheet
商誉,Goodwill,"double(30,10)",BalanceSheet
长期待摊费用,Long_term_prepaid_expenses,"double(30,10)",BalanceSheet
递延所得税资产,Deferred_tax_assets,"double(30,10)",BalanceSheet
其他非流动资产,Other_non_current_assets,"double(30,10)",BalanceSheet
非流动资产合计,Total_non_current_assets,"double(30,10)",BalanceSheet
资产总计,Total_assets,"double(30,10)",BalanceSheet
短期借款,Short_term_loan,"double(30,10)",BalanceSheet
交易性金融负债,Transaction_financial_liabilities,"double(30,10)",BalanceSheet
应付票据,Notes_payable,"double(30,10)",BalanceSheet
应付款项,Payable,"double(30,10)",BalanceSheet
应付职工薪酬,Payroll_payable,"double(30,10)",BalanceSheet
应付税费,Payable_taxes_and_fees,"double(30,10)",BalanceSheet
应付利息,Interest_payable,"double(30,10)",BalanceSheet
应付股利,Dividends_payable,"double(30,10)",BalanceSheet
其他应付款,Other_payable,"double(30,10)",BalanceSheet
应付关联公司款,Associate_company_payable,"double(30,10)",BalanceSheet
一年内到期的非流动负债,Non_current_liabilities_due_within_one_year,"double(30,10)",BalanceSheet
其他流动负债,Other_current_liabilities,"double(30,10)",BalanceSheet
流动负债合计,Total_Current_Liabilities,"double(30,10)",BalanceSheet
长期借款,Long_term_loan,"double(30,10)",BalanceSheet
应付债券,Bond_payable,"double(30,10)",BalanceSheet
长期应付款,Long_term_accounts_payable,"double(30,10)",BalanceSheet
专项应付款,Special_payment,"double(30,10)",BalanceSheet
预计负债,Estimated_liabilities,"double(30,10)",BalanceSheet
递延所得税负债,Deferred_tax_liability,"double(30,10)",BalanceSheet
其他非流动负债,Other_non_current_liabilities,"double(30,10)",BalanceSheet
非流动负债合计,Total_Non_current_Liabilities,"double(30,10)",BalanceSheet
负债合计,Total_liabilities,"double(30,10)",BalanceSheet
实收资本（或股本）,Paid_in_capital_or_share_capital,"double(30,10)",BalanceSheet
资本公积,Capital_reserve,"double(30,10)",BalanceSheet
盈余公积,Surplus_public_accumulation,"double(30,10)",BalanceSheet
减：库存股,Less_inventory_stock,"double(30,10)",BalanceSheet
未分配利润,Undistributed_profit,"double(30,10)",BalanceSheet
少数股东权益,Minority_equity,"double(30,10)",BalanceSheet
外币报表折算差价,Translation_difference_of_foreign_currency_statement,"double(30,10)",BalanceSheet
非正常经营项目收益调整,Non_normal_operating_income_adjustment,"double(30,10)",BalanceSheet
所有者权益（或股东权益）合计,Total_owners_or_shareHolder_equity,"double(30,10)",BalanceSheet
负债和所有者（或股东权益）合计,Total_liabilities_or_owners,"double(30,10)",BalanceSheet
公司代码,Company_code,char(100),CashFlow
报表日期,Report_date,date,CashFlow
单位,unit,char(100),CashFlow
一、经营活动产生的现金流量,Cash_flows_from_operating_activities,"double(30,10)",CashFlow
客户贷款及垫款净减少额,TheNetDecreaseAmountOfLoansAdvancesToCustomer,"double(30,10)",CashFlow
向央行借款净增加额,Net_increase_in_borrowings_to_the_central_bank,"double(30,10)",CashFlow
客户存款和同业存放款项净增加额,Customer_deposits_and_interbank_deposits_net_increase,"double(30,10)",CashFlow
其中:客户存款,Customer_deposits,"double(30,10)",CashFlow
同业及其他金融机构存放款,BanksAndOtherFinancialInstitutionsToDepositsLoans,"double(30,10)",CashFlow
收回存放同业及其他金融机构净额,Net_deposits_from_banks_other_financial_institutions,"double(30,10)",CashFlow
拆入资金现金流入,The_inflow_of_capital_borrowed_cash,"double(30,10)",CashFlow
收回的拆出资金净额,Net_lending_funds_recovered,"double(30,10)",CashFlow
吸收的卖出回购项净额,Net_proceeds_from_the_sale_of,"double(30,10)",CashFlow
收回的买入返售项净额,Net_purchases_of_resale_items,"double(30,10)",CashFlow
处置交易性金融资产净增加额,NetIncreaseInTheDisposalOfTradingFinancialAssets,"double(30,10)",CashFlow
收取利息、手续费及佣金的现金,Cash_for_interest_commission_commission,"double(30,10)",CashFlow
其中:收到利息,Receive_interest,"double(30,10)",CashFlow
收到的手续费,Received_fee,"double(30,10)",CashFlow
金融企业往来收入收到的现金,Cash_received_from_a_financial_enterprise,"double(30,10)",CashFlow
中间业务收入收到的现金,Cash_received_from_intermediate_business_income,"double(30,10)",CashFlow
汇兑净收益收到的现金,Cash_received_from_net_exchange,"double(30,10)",CashFlow
其他营业及营业外净收入收到的现金,Cash_received_from_other_operating_net_income,"double(30,10)",CashFlow
存入保证金收到的现金,Cash_received_from_deposit,"double(30,10)",CashFlow
收到的委托资金,Entrusted_funds_received,"double(30,10)",CashFlow
贵金属现金流入,Precious_metal_cash_inflows,"double(30,10)",CashFlow
贴现收到的现金,Discounted_cash_received,"double(30,10)",CashFlow
其他负债增加流入的现金,Other_liabilities_to_increase_the_inflow_of_cash,"double(30,10)",CashFlow
收回的已于以前年度核销的贷款及应收款项,Recover_loans_receivables_written_off_previous_year,"double(30,10)",CashFlow
其他应付暂收款减少流出的现金,Other_cash_payable_to_reduce_the_outflow,"double(30,10)",CashFlow
处置抵债资产收到的现金,Cash_received_from_disposal_of_foreclosed_assets,"double(30,10)",CashFlow
客户贷款及垫款净增加额,Net_increase_in_loans_and_advances,"double(30,10)",CashFlow
存放中央银行和同业款项净增加额,Net_increase_in_money_deposited_by_the_central_bank,"double(30,10)",CashFlow
其中:存放中央银行,The_central_bank_deposit,"double(30,10)",CashFlow
存放同业及其他机构存款,Deposits_from_banks_other_institutions,"double(30,10)",CashFlow
拆出资金净现金流出,Net_cash_outflow_placements,"double(30,10)",CashFlow
偿还中央银行借款(向中央银行借款净减少额),Repayment_of_central_bank_borrowings,"double(30,10)",CashFlow
支付的存款,Payment_of_deposit,"double(30,10)",CashFlow
减少同业及其他金融机构存放净额,Reduce_net_deposits_in_same_industry_other_institutions,"double(30,10)",CashFlow
偿还同业及其他金融机构拆入净额,The_repayment_of_banks_other_institutions_into_the_net,"double(30,10)",CashFlow
偿还卖出回购款项净额,Net_sales_to_repay,"double(30,10)",CashFlow
证券投资支出的现金,Cash_for_investment_in_securities,"double(30,10)",CashFlow
支付买入返售款项净额,Net_purchases_of_resale,"double(30,10)",CashFlow
处置可供出售金融资产净减少额,NetReductionInDisposalAvailableForSaleFinancialAssets,"double(30,10)",CashFlow
支付利息、手续费及佣金的现金,Cash_for_payment_of_interest_commission,"double(30,10)",CashFlow
其中:支付的利息,Interest_paid,"double(30,10)",CashFlow
手续费支出支付的现金,Cash_paid_for_handling_expenses,"double(30,10)",CashFlow
以现金支付的营业费用,Operating_expenses_paid_in_cash,"double(30,10)",CashFlow
与金融机构往来支出的现金净额,Net_cash_in_exchange_with_financial_institutions,"double(30,10)",CashFlow
贴现支付的现金,Discounted_cash,"double(30,10)",CashFlow
已核销呆账贷款及利息收回,Write_off_bad_loans_and_interest_recovery,"double(30,10)",CashFlow
委托及代理业务减少额,Reduce_the_amount_of_commission_and_agency_business,"double(30,10)",CashFlow
贵金属现金流出,Precious_metal_cash_outflow,"double(30,10)",CashFlow
借入其他资金净减少额,Net_reduction_in_borrowing,"double(30,10)",CashFlow
其他资产减少支出的现金,Cash_for_other_assets_to_reduce_expenses,"double(30,10)",CashFlow
其他应收暂付款减少收回的现金,Other_receivables_to_reduce_cash_back,"double(30,10)",CashFlow
二、投资活动产生的现金流量：,Second_Cash_flow_from_investing_activities,"double(30,10)",CashFlow
其中:分得股利或利润所收到的现金,The_cash_received_from_a_dividend_or_profit,"double(30,10)",CashFlow
取得债券利息收入收到的现金,Cash_received_from_bond_interest_income,"double(30,10)",CashFlow
处置固定资产、无形资产及其他资产而收到的现金,CashReceivedFromDisposalFixedIntangibleOtherAssets,"double(30,10)",CashFlow
处置股权投资所收到的现金,Cash_received_from_the_disposal_of_equity_investment,"double(30,10)",CashFlow
取得子公司及其他营业单位所收到的现金净额,NetCashReceivedFromSubsidiariesOtherBusinessUnits,"double(30,10)",CashFlow
投资活动现金流入小计,Cash_inflow_from_investment_activities,"double(30,10)",CashFlow
其中:权益性投资增加支付的现金,Equity_investments_to_increase_cash_payments,"double(30,10)",CashFlow
债券投资所支付的现金,Cash_paid_by_bond_investment,"double(30,10)",CashFlow
购买子公司、联营企业及合营企业投资所支付的现金净额,NetCashPaidForPurchaseSubsidiariesAssociateJointVenture,"double(30,10)",CashFlow
增加在建工程所支付的现金,Increase_the_cash_paid_in_construction_projects,"double(30,10)",CashFlow
支付的其他与投资活动有关的现金,Other_cash_paid_related_to_investment_activities,"double(30,10)",CashFlow
三、筹资活动产生的现金流量：,Cash_flows_from_financing_activities,"double(30,10)",CashFlow
吸收投资所收到的现金,Absorption_of_cash_from_investment,"double(30,10)",CashFlow
发行证券化资产所吸收的现金,TheCashThatIsAbsorbedByTheSecuritizationOfAssets,"double(30,10)",CashFlow
发行债券收到的现金,Cash_received_from_issuing_bonds,"double(30,10)",CashFlow
其中:发行次级债券收到的现金,The_cash_received_from_issuance_of_subordinated_bonds,"double(30,10)",CashFlow
增加股本所收到的现金,Increase_the_cash_received_from_equity_capital,"double(30,10)",CashFlow
收到其他与筹资活动有关的现金,Cash_received_from_other_financing_activities,"double(30,10)",CashFlow
偿还债务所支付的现金,cash_paid_to_pay_interest,"double(30,10)",CashFlow
分配股利、利润或偿付利息支付的现金,Cash_paid_for_dividends_profits_interest,"double(30,10)",CashFlow
其中:偿付利息所支付的现金,Cash_paid_for_interest,"double(30,10)",CashFlow
支付新股发行费用,Pay_the_cost_of_issuing_new_shares,"double(30,10)",CashFlow
四、汇率变动对现金及现金等价物的影响,ImpactOfExchangeRateChangesOnCashAndEquivalents,"double(30,10)",CashFlow
加:期初现金及现金等价物余额,BalanceOfCashAndEquivalentsAtTheBeginPlus,"double(30,10)",CashFlow
六、期末现金及现金等价物余额,Balance_of_cash_and_equivalents_at_the_endPlus,"double(30,10)",CashFlow
附注,Note_appended,"double(30,10)",CashFlow
净利润,Net_profit,"double(30,10)",CashFlow
加:少数股东收益,Minority_shareholder_returns,"double(30,10)",CashFlow
计提的资产减值准备,Provision_for_impairment_of_assets,"double(30,10)",CashFlow
其中：计提的坏账准备,Provision_for_bad_debts,"double(30,10)",CashFlow
计提的贷款损失准备,Provision_for_loan_loss,"double(30,10)",CashFlow
冲回存放同业减值准备,Rush_back_to_prepare_for_impairment_of_same_industry,"double(30,10)",CashFlow
固定资产折旧、油气资产折耗、生产性生物资产折旧,Fixed_depreciation_oil_gas_productive_biological_assets,"double(30,10)",CashFlow
投资性房地产折旧,Depreciation_of_investment_real_estate,"double(30,10)",CashFlow
无形资产、递延资产及其他资产的摊销,Amortization_of_intangible_deferred_other_assets,"double(30,10)",CashFlow
其中:无形资产摊销,Amortization_of_intangible_assets,"double(30,10)",CashFlow
长期待摊费用摊销,Amortization_of_long_term_prepaid_expenses,"double(30,10)",CashFlow
长期资产摊销,Long_term_assets_amortization,"double(30,10)",CashFlow
处置固定资产、无形资产和其他长期产的损失/(收益),Disposal_of_fixed_intangible_other_long_term_assets,"double(30,10)",CashFlow
处置投资性房地产的损失/(收益),Disposal_of_investment_property_losses,"double(30,10)",CashFlow
固定资产报废损失,Losses_on_scrapping_of_fixed_assets,"double(30,10)",CashFlow
财务费用,Financial_expenses,"double(30,10)",CashFlow
投资损失(减:收益),Investment_losses,"double(30,10)",CashFlow
公允价值变动(收益)/损失,Changes_in_fair_value,"double(30,10)",CashFlow
汇兑损益,Exchange_gains_and_losses,"double(30,10)",CashFlow
衍生金融工具交易净损益,Net_profit_and_loss_of_derivative_financial_instruments,"double(30,10)",CashFlow
折现回拔(减值资产利息冲转),Discount_return,"double(30,10)",CashFlow
存货的减少,Inventory_reduction,"double(30,10)",CashFlow
贷款的减少,Reduction_of_loan,"double(30,10)",CashFlow
存款的增加,Increase_in_deposits,"double(30,10)",CashFlow
拆借款项的净增,The_net_lending_money,"double(30,10)",CashFlow
金融性资产的减少,Decrease_in_financial_assets,"double(30,10)",CashFlow
预计负债的增加,Expected_to_increase_liabilities,"double(30,10)",CashFlow
收到已核销款项,Received_payments_have_been_written_off,"double(30,10)",CashFlow
递延所得税资产的减少,Decrease_in_deferred_tax_assets,"double(30,10)",CashFlow
递延所得税负债的增加,Increase_in_deferred_income_tax_liabilities,"double(30,10)",CashFlow
经营性应收项目的增加,Increase_in_operating_receivables,"double(30,10)",CashFlow
经营性应付项目的增加,Increase_in_operating_payables,"double(30,10)",CashFlow
经营性其他资产的减少,Decrease_in_operating_other_assets,"double(30,10)",CashFlow
经营性其他负债的增加,The_increase_in_other_operating_liabilities,"double(30,10)",CashFlow
经营活动现金流量净额,Net_cash_flows_from_operating_activities,"double(30,10)",CashFlow
以固定资产偿还债务,Fixed_assets_to_repay_debt,"double(30,10)",CashFlow
以投资偿还债务,Investment_debt,"double(30,10)",CashFlow
以固定资产进行投资,Investment_using_fixed_assets,"double(30,10)",CashFlow
债务转为资本,Conversion_of_debt_into_capital,"double(30,10)",CashFlow
一年内到期的可转换公司债券,Convertible_bonds_due_within_one_year,"double(30,10)",CashFlow
融资租入固定资产,The_leased_assets,"double(30,10)",CashFlow
其他不涉及现金收支的投资和筹资活动金额,Other_activities_not_involve_cash_payments_of_amounts,"double(30,10)",CashFlow
现金的期末余额,Closing_balance_of_cash,"double(30,10)",CashFlow
减:现金的期初余额,Initial_balance_of_cash,"double(30,10)",CashFlow
现金等价物的期末余额,Closing_balance_of_cash_equivalents,"double(30,10)",CashFlow
减：现金等价物的期初余额,Beginning_balance_of_cash_equivalents,"double(30,10)",CashFlow
现金及现金等价物净增加额,Net_increase_in_cash_and_cash_equivalents,"double(30,10)",CashFlow
证券代码,Stock_code,char(100),CashFlow
报告期,Report_date,date,CashFlow
年度,Year,date,CashFlow
销售商品、提供劳务收到的现金,Cash_received_from_the_sale_of_goods_and_services,"double(30,10)",CashFlow
收到的税费返还,Refunds_of_taxes,"double(30,10)",CashFlow
收到其他与经营活动有关的现金,Cash_received_from_other_operating_activities,"double(30,10)",CashFlow
经营活动现金流入小计,Cash_inflows_from_operating_activities,"double(30,10)",CashFlow
购买商品、接受劳务支付的现金,Cash_for_goods_and_labor_services,"double(30,10)",CashFlow
支付给职工以及为职工支付的现金,Payment_of_cash_paid_to_employees_and_employees,"double(30,10)",CashFlow
支付的各项税费,Payments_of_all_types_of_taxes,"double(30,10)",CashFlow
支付其他与经营活动有关的现金,Payment_of_other_cash_relating_to_operating_activities,"double(30,10)",CashFlow
经营活动现金流出小计,Operating_cash_outflowsubtotal,"double(30,10)",CashFlow
经营活动产生的现金流量净额,NetCashFlowsFromOperatingActivities,"double(30,10)",CashFlow
收回投资收到的现金,Cash_received_from_investment,"double(30,10)",CashFlow
取得投资收益收到的现金,Cash_received_from_investment_income,"double(30,10)",CashFlow
处置固定资产、无形资产和其他长期资产收回的现金净额,NetCashForFixedIntangibleAndOtherLongTermAssets,"double(30,10)",CashFlow
处置子公司及其他营业单位收到的现金净额,Net_cash_from_subsidiaries_and_other_business_units,"double(30,10)",CashFlow
收到其他与投资活动有关的现金,Cash_received_from_other_investment_activities,"double(30,10)",CashFlow
投资活动现金流小计,Investment_cash_flow_subtotal,"double(30,10)",CashFlow
购建固定资产、无形资产和其他长期资产支付的现金,Cash_for_fixed_intangible_and_other_long_term_assets,"double(30,10)",CashFlow
投资支付的现金,Cash_paid_for_investment,"double(30,10)",CashFlow
取得子公司及其他营业单位支付的现金净额,Net_cash_paid_by_subsidiaries_and_other_business_units,"double(30,10)",CashFlow
支付其他与投资活动有关的现金,Payment_of_other_cash_related_to_investment_activities,"double(30,10)",CashFlow
投资活动现金流出小计,Cash_outflow_for_investment_activities,"double(30,10)",CashFlow
投资活动产生的现金流量净额,Net_cash_flow_from_investing_activities,"double(30,10)",CashFlow
吸收投资收到的现金,Cash_received_from_absorbing_investment,"double(30,10)",CashFlow
取得借款收到的现金,Cash_received_from_loan,"double(30,10)",CashFlow
收到其他与筹资活动相关的现金,CashReceivedFromOtherFinancingActivities,"double(30,10)",CashFlow
筹资活动现金流入小计,Cash_inflow_from_financing_activities,"double(30,10)",CashFlow
偿还债务支付的现金,Cash_paid_for_debt,"double(30,10)",CashFlow
分配股利、利润或偿还利息支付的现金,Cash_for_dividends_profits_interest_payments,"double(30,10)",CashFlow
支付其他与筹资活动有关的现金,Other_cash_related_to_financing_activities,"double(30,10)",CashFlow
筹资活动现金流出小计,Cash_outflow_for_financing_activities,"double(30,10)",CashFlow
筹资活动产生的现金流量净额,Net_cash_flows_from_financing_activities,"double(30,10)",CashFlow
四、汇率变动对现金的影响,The_impact_of_exchange_rate_changes_on_cash,"double(30,10)",CashFlow
四（2）、其他原因对现金的影响,Other_reasons_for_the_impact_of_cash,"double(30,10)",CashFlow
五、现金及现金等价物净增加额,NetIncreaseInCashAndCashEquivalents,"double(30,10)",CashFlow
期初现金及现金等价物余额,Balance_of_cash_and_equivalents_at_the_begin,"double(30,10)",CashFlow
期末现金及现金等价物余额,Balance_of_cash_and_equivalents_at_the_end,"double(30,10)",CashFlow
公司代码,Company_code,char(100),ProfitTable
报表日期,Report_date,date,ProfitTable
单位,unit,char(100),ProfitTable
净利息收入,Net_interest_income,"double(30,10)",ProfitTable
其中:利息收入,Interest_income,"double(30,10)",ProfitTable
利息支出,Interest_expense,"double(30,10)",ProfitTable
手续费及佣金净收入,Net_fee_and_commission_income,"double(30,10)",ProfitTable
其中:手续费及佣金收入,Fee_and_commission_income,"double(30,10)",ProfitTable
手续费及佣金支出,Fee_and_commission_expenses,"double(30,10)",ProfitTable
中间业务净收入,Net_business_income,"double(30,10)",ProfitTable
其中:中间业务收入,Intermediate_business_income,"double(30,10)",ProfitTable
中间业务支出,Intermediate_business_expenses,"double(30,10)",ProfitTable
净交易收入,Net_trading_income,"double(30,10)",ProfitTable
其中:衍生金融工具交易净收入,Net_income_from_derivative_financial_instruments,"double(30,10)",ProfitTable
汇兑收益,Exchange_gains,"double(30,10)",ProfitTable
投资净收益,Net_investment_income,"double(30,10)",ProfitTable
其中:对联营公司的投资收益,Investment_income_of_the_couplet_company,"double(30,10)",ProfitTable
公允价值变动收益/(损失),Changes_in_fair_value_gains_losses,"double(30,10)",ProfitTable
其他业务收入,Other_business_income,"double(30,10)",ProfitTable
二、营业支出,Operating_expenses,"double(30,10)",ProfitTable
业务及管理费用,Business_and_management_expenses,"double(30,10)",ProfitTable
折旧费,Depreciation_charge,"double(30,10)",ProfitTable
提取呆账准备,For_bad_debts,"double(30,10)",ProfitTable
其他业务支出,Other_business_expenses,"double(30,10)",ProfitTable
三、营业利润,Business_profit_third,"double(30,10)",ProfitTable
加:营业外收入,Nonoperating_incomePlus,"double(30,10)",ProfitTable
减:营业外支出,Out_of_business_expenses,"double(30,10)",ProfitTable
四、利润总额,Gross_profit_fourth,"double(30,10)",ProfitTable
少数股东权益,Minority_equity,"double(30,10)",ProfitTable
归属于母公司的净利润,Net_profit_attributable_to_the_parent_company,"double(30,10)",ProfitTable
加:年初未分配利润,Profit_not_allocated_at_the_beginning_of_year,"double(30,10)",ProfitTable
六、可供分配的利润,Profit_for_distribution,"double(30,10)",ProfitTable
减:提取法定盈余公积,Statutory_surplus_reserve,"double(30,10)",ProfitTable
提取法定公益金,Statutory_public_welfare_fund,"double(30,10)",ProfitTable
提取一般风险准备,Extract_general_risk_preparation,"double(30,10)",ProfitTable
提取信托赔偿准备金,Extracting_trust_compensation_reserve,"double(30,10)",ProfitTable
七、可供股东分配的利润,Profit_for_shareholders,"double(30,10)",ProfitTable
减:应付优先股股利,Preferred_stock_dividends_payable,"double(30,10)",ProfitTable
提取任意盈余公积,Discretionary_surplus_reserve,"double(30,10)",ProfitTable
应付普通股股利,Common_stock_dividends_payable,"double(30,10)",ProfitTable
转作股本的普通股股利,Common_stock_dividends_transferred_to_share_capital,"double(30,10)",ProfitTable
八、未分配利润,No_assigned_profit,"double(30,10)",ProfitTable
(一)基本每股收益,Basic_earnings_per_share,"double(30,10)",ProfitTable
(二)稀释每股收益,Diluted_earnings_per_share,"double(30,10)",ProfitTable
证券代码,Stock_code,char(100),ProfitTable
报告期,Reporting_period,date,ProfitTable
年度,Year,date,ProfitTable
一、营业收入,Business_income,"double(30,10)",ProfitTable
减：营业成本,Business_cost,"double(30,10)",ProfitTable
营业税金及附加,Business_taxes_and_additional,"double(30,10)",ProfitTable
销售费用,Selling_expenses,"double(30,10)",ProfitTable
管理费用,Management_expenses,"double(30,10)",ProfitTable
勘探费用,Exploration_cost,"double(30,10)",ProfitTable
财务费用,Financial_expenses,"double(30,10)",ProfitTable
资产减值损失,Assets_impairment_loss,"double(30,10)",ProfitTable
加：公允价值变动净收益,Net_return_on_changes_in_fair_value,"double(30,10)",ProfitTable
投资收益,Income_from_investment,"double(30,10)",ProfitTable
其中：对联营企业和合营企业的投资权益,InvestmentInterestsInJointVenturesAndJointVentures,"double(30,10)",ProfitTable
影响营业利润的其他科目,Other_subjects_affecting_operating_profit,"double(30,10)",ProfitTable
二、营业利润,Business_profit,"double(30,10)",ProfitTable
加：补贴收入,Subsidy_income,"double(30,10)",ProfitTable
营业外收入,Nonoperating_income,"double(30,10)",ProfitTable
减：营业外收入,Less_Nonoperating_income,"double(30,10)",ProfitTable
其中：非流动资产处置净损失,Net_loss_on_disposal_of_non_current_assets,"double(30,10)",ProfitTable
加：影响利润总额的其他科目,Plus_Other_subjects_affecting_total_profits,"double(30,10)",ProfitTable
三、利润总额,Gross_profit,"double(30,10)",ProfitTable
减：所得税,Less_income_tax,"double(30,10)",ProfitTable
加：影响净利润的其他科目,Plus_Other_subjects_that_affect_net_profit,"double(30,10)",ProfitTable
四、净利润,Net_profit,"double(30,10)",ProfitTable
归属于母公司所有者的净利润,Net_profit_attributable_to_owners_of_the_parent_company,"double(30,10)",ProfitTable
少数股东损益,Minority_interest,"double(30,10)",ProfitTable
报告期,Report_date,date,BalanceReport
公司代码,Company_code,char(100),BalanceReport
报告内容,Report_content,text,BalanceReport
报告期,Report_date,date,CashFlowReport
公司代码,Company_code,char(100),CashFlowReport
报告内容,Report_content,text,CashFlowReport
报告期,Report_date,date,ProfitReport
公司代码,Company_code,char(100),ProfitReport
报告内容,Report_content,text,ProfitReport
公司代码,Company_code,char(100),FinanceSummary
截止日期,date,date,FinanceSummary
每股净资产,Net_asset_value_per_share,"double(30,10)",FinanceSummary
每股收益,Earnings_per_share,"double(30,10)",FinanceSummary
每股现金含量,Cash_per_share,"double(30,10)",FinanceSummary
每股资本公积金,Capital_reserve_per_share,"double(30,10)",FinanceSummary
固定资产合计,Total_fixed_assets,"double(30,10)",FinanceSummary
流动资产合计,Total_current_assets,"double(30,10)",FinanceSummary
资产总计,Total_Assets,"double(30,10)",FinanceSummary
长期负债合计,Total_long_term_liabilities,"double(30,10)",FinanceSummary
主营业务收入,Main_business_income,"double(30,10)",FinanceSummary
财务费用,Financial_expenses,"double(30,10)",FinanceSummary
净利润,Net_profit,"double(30,10)",FinanceSummary
公司代码,Company_code,char(100),FinanceGuideLine
报告日期,Report_date,date,FinanceGuideLine
每股指标,Per_share_index,"double(30,10)",FinanceGuideLine
摊薄每股收益(元),Diluted_earnings_per_share,"double(30,10)",FinanceGuideLine
加权每股收益(元),Weighted_earnings_per_share,"double(30,10)",FinanceGuideLine
每股收益_调整后(元),Earnings_per_share_adjusted,"double(30,10)",FinanceGuideLine
扣除非经常性损益后的每股收益(元),EarningPerShareAfterDeductNonRecurringGainsAndLosse,"double(30,10)",FinanceGuideLine
每股净资产_调整前(元),Net_assets_per_share_unadjusted,"double(30,10)",FinanceGuideLine
每股净资产_调整后(元),Net_assets_per_share_adjusted,"double(30,10)",FinanceGuideLine
每股经营性现金流(元),OperatingCashFlowPerShare,"double(30,10)",FinanceGuideLine
每股资本公积金(元),Capital_accumulation_fund_per_share,"double(30,10)",FinanceGuideLine
每股未分配利润(元),No_profit_per_share,"double(30,10)",FinanceGuideLine
调整后的每股净资产(元),NetAssetsPerShareAdjusted,"double(30,10)",FinanceGuideLine
盈利能力,Profitability,"double(30,10)",FinanceGuideLine
总资产利润率(%),Profit_margin_of_total_assets,"double(30,10)",FinanceGuideLine
主营业务利润率(%),Main_business_profit_margin,"double(30,10)",FinanceGuideLine
总资产净利润率(%),Net_profit_margin_of_total_assets,"double(30,10)",FinanceGuideLine
成本费用利润率(%),Cost_profit_margin,"double(30,10)",FinanceGuideLine
营业利润率(%),Operating_profit_margin,"double(30,10)",FinanceGuideLine
主营业务成本率(%),Main_business_cost_rate,"double(30,10)",FinanceGuideLine
销售净利率(%),Net_sales_rate,"double(30,10)",FinanceGuideLine
股本报酬率(%),Equity_rate_of_return,"double(30,10)",FinanceGuideLine
净资产报酬率(%),Rate_of_return_on_net_assets,"double(30,10)",FinanceGuideLine
资产报酬率(%),Rate_of_return_on_assets,"double(30,10)",FinanceGuideLine
销售毛利率(%),Sales_gross_margin,"double(30,10)",FinanceGuideLine
三项费用比重,Three_cost_proportion,"double(30,10)",FinanceGuideLine
非主营比重,Non_main_proportion,"double(30,10)",FinanceGuideLine
主营利润比重,Main_profit_share,"double(30,10)",FinanceGuideLine
股息发放率(%),dividend_payout_ratio,"double(30,10)",FinanceGuideLine
投资收益率(%),Rate_of_return_on_investment,"double(30,10)",FinanceGuideLine
主营业务利润(元),Main_business_profit,"double(30,10)",FinanceGuideLine
净资产收益率(%),Return_on_net_assets,"double(30,10)",FinanceGuideLine
加权净资产收益率(%),Weighted_return_on_net_assets,"double(30,10)",FinanceGuideLine
扣除非经常性损益后的净利润(元),NetProfitAfterDeductingNonRecurringGainsAndLosses,"double(30,10)",FinanceGuideLine
成长能力,Growth_ability,"double(30,10)",FinanceGuideLine
主营业务收入增长率(%),Main_business_revenue_growth_rate,"double(30,10)",FinanceGuideLine
净利润增长率(%),Net_profit_growth_rate,"double(30,10)",FinanceGuideLine
净资产增长率(%),Growth_rate_of_net_assets,"double(30,10)",FinanceGuideLine
总资产增长率(%),Total_asset_growth_rate,"double(30,10)",FinanceGuideLine
营运能力,Operational_capability,"double(30,10)",FinanceGuideLine
应收账款周转率(次),Accounts_receivable_turnover_rate,"double(30,10)",FinanceGuideLine
应收账款周转天数(天),Days_sales_outstanding,"double(30,10)",FinanceGuideLine
存货周转天数(天),Inventory_turnover_days,"double(30,10)",FinanceGuideLine
存货周转率(次),InventoryTurnoverRate,"double(30,10)",FinanceGuideLine
固定资产周转率(次),Fixed_asset_turnover,"double(30,10)",FinanceGuideLine
总资产周转率(次),Turnover_ratio_of_total_assets,"double(30,10)",FinanceGuideLine
总资产周转天数(天),Total_assets_turnover_days,"double(30,10)",FinanceGuideLine
流动资产周转率(次),Turnover_rate_of_current_assets,"double(30,10)",FinanceGuideLine
流动资产周转天数(天),Turnover_days_of_current_assets,"double(30,10)",FinanceGuideLine
股东权益周转率(次),Equity_turnover_rate,"double(30,10)",FinanceGuideLine
偿债及资本结构,Debt_service_and_capital_structure,"double(30,10)",FinanceGuideLine
流动比率,Flow_rate,"double(30,10)",FinanceGuideLine
速动比率,Quick_ratio,"double(30,10)",FinanceGuideLine
现金比率(%),Cash_ratio,"double(30,10)",FinanceGuideLine
利息支付倍数,interest_coverage_ratio,"double(30,10)",FinanceGuideLine
长期债务与营运资金比率(%),Long_term_debt_to_working_capital_ratio,"double(30,10)",FinanceGuideLine
股东权益比率(%),Shareholder_equity_ratio,"double(30,10)",FinanceGuideLine
长期负债比率(%),Long_term_debt_ratio,"double(30,10)",FinanceGuideLine
股东权益与固定资产比率(%),Shareholders_equity_and_fixed_assets_ratio,"double(30,10)",FinanceGuideLine
负债与所有者权益比率(%),Debt_to_equity_ratio,"double(30,10)",FinanceGuideLine
长期资产与长期资金比率(%),Long_term_assets_and_long_term_capital_ratio,"double(30,10)",FinanceGuideLine
资本化比率(%),Capitalization_ratio,"double(30,10)",FinanceGuideLine
固定资产净值率(%),Fixed_assets_net_worth_ratio,"double(30,10)",FinanceGuideLine
资本固定化比率(%),Capital_fixed_ratio,"double(30,10)",FinanceGuideLine
产权比率(%),Property_ratio,"double(30,10)",FinanceGuideLine
清算价值比率(%),Liquidation_value_ratio,"double(30,10)",FinanceGuideLine
固定资产比重(%),Proportion_of_fixed_assets,"double(30,10)",FinanceGuideLine
资产负债率(%),Asset_liability_ratio,"double(30,10)",FinanceGuideLine
总资产(元),total_assets,"double(30,10)",FinanceGuideLine
现金流量,cash_flow,"double(30,10)",FinanceGuideLine
经营现金净流量对销售收入比率(%),Operating_cash_net_flow_to_sales_revenue_ratio,"double(30,10)",FinanceGuideLine
资产的经营现金流量回报率(%),Operating_cash_flow_rate_of_return_on_assets,"double(30,10)",FinanceGuideLine
经营现金净流量与净利润的比率(%),Ratio_of_operating_cash_flow_to_net_profit,"double(30,10)",FinanceGuideLine
经营现金净流量对负债比率(%),Net_operating_cash_flow_to_debt_ratio,"double(30,10)",FinanceGuideLine
现金流量比率(%),Cash_flow_ratio,"double(30,10)",FinanceGuideLine
其他指标,other_indexes,"double(30,10)",FinanceGuideLine
短期股票投资(元),Short_term_stock_investment,"double(30,10)",FinanceGuideLine
短期债券投资(元),Short_term_bond_investment,"double(30,10)",FinanceGuideLine
短期其它经营性投资(元),Short_term_investment_in_other_operations,"double(30,10)",FinanceGuideLine
长期股票投资(元),Long_term_stock_investment,"double(30,10)",FinanceGuideLine
长期债券投资(元),Long_term_bond_investment,"double(30,10)",FinanceGuideLine
长期其它经营性投资(元),Long_term_other_business_investment,"double(30,10)",FinanceGuideLine
1年以内应收帐款(元),Within_1_years_of_accounts_receivable,"double(30,10)",FinanceGuideLine
1-2年以内应收帐款(元),1_2_years_of_account_receivable,"double(30,10)",FinanceGuideLine
2-3年以内应收帐款(元),2_3_years_of_account_receivable,"double(30,10)",FinanceGuideLine
3年以内应收帐款(元),Within_3_years_of_accounts_receivable,"double(30,10)",FinanceGuideLine
1年以内预付货款(元),Payment_in_advance_within_1_years,"double(30,10)",FinanceGuideLine
1-2年以内预付货款(元),Payment_in_advance_within_1_2_years,"double(30,10)",FinanceGuideLine
2-3年以内预付货款(元),Payment_in_advance_within_2_3_years,"double(30,10)",FinanceGuideLine
3年以内预付货款(元),Payment_in_advance_within__3_years,"double(30,10)",FinanceGuideLine
1年以内其它应收款(元),Other_receivables_within_1_years,"double(30,10)",FinanceGuideLine
1-2年以内其它应收款(元),1_2_years_of_other_receivables,"double(30,10)",FinanceGuideLine
2-3年以内其它应收款(元),2_3_years_of_other_receivables,"double(30,10)",FinanceGuideLine
3年以内其它应收款(元),Other_receivables_within_3_years,"double(30,10)",FinanceGuideLine
基本每股收益(元),Basic_earnings_per_share,"double(30,10)",FinanceGuideLine
净利润(万元),Net_profit,"double(30,10)",FinanceGuideLine
净利润同比增长率(%),NetProfitGrowthRate,"double(30,10)",FinanceGuideLine
营业总收入(万元),Total_operating_income,"double(30,10)",FinanceGuideLine
营业总收入同比增长率(%),Total_operating_income_growth_rate,"double(30,10)",FinanceGuideLine
每股净资产(元),Net_asset_value_per_share,"double(30,10)",FinanceGuideLine
净资产收益率-摊薄(%),ReturnOnNetAssetsDiluted,"double(30,10)",FinanceGuideLine
资产负债比率(%),AssetLiabilityRatio,"double(30,10)",FinanceGuideLine
每股经营现金流(元),Operating_cash_flow_per_share,"double(30,10)",FinanceGuideLine
存货周转率,Inventory_turnover_rate,"double(30,10)",FinanceGuideLine
财务年度,Report_date,date,FinanceGuideLine
year,Report_date,date,FinanceGuideLine
扣除非经常性损益的净利润(元),NetProfitAfterDeductingNonRecurrGainsAndLosses,"double(30,10)",FinanceGuideLine
每股收益_摊薄(元),Earnings_per_share_diluted,"double(30,10)",FinanceGuideLine
每股收益_加权(元),Earnings_per_share_weighted,"double(30,10)",FinanceGuideLine
每股收益_扣除摊薄(元),Earnings_per_share_diluted_removed,"double(30,10)",FinanceGuideLine
每股收益_扣除加权(元),Earnings_per_share_weighted_removed,"double(30,10)",FinanceGuideLine
稀释每股收益(元),DilutedEarningsPerShare,"double(30,10)",FinanceGuideLine
扣除非经常性损益后的基本每股收益(元),BasicEarningsPerShareAfterDeductNonRecurrGainLosse,"double(30,10)",FinanceGuideLine
净资产收益率_摊薄(%),Return_on_net_assets_diluted,"double(30,10)",FinanceGuideLine
净资产收益率_加权(%),Return_on_net_assets_weighted,"double(30,10)",FinanceGuideLine
净资产收益率_扣除摊薄(%),Return_on_net_assets_diluted_removed,"double(30,10)",FinanceGuideLine
净资产收益率_扣除加权(%),Return_on_net_assets_weighted_removed,"double(30,10)",FinanceGuideLine
每股经营活动产生的现金流量净额(元),Net_cash_flows_from_operating_activities_per_share,"double(30,10)",FinanceGuideLine
EBIT(元),Earnings_before_interest_and_tax,"double(30,10)",FinanceGuideLine
EBIT利息保障倍数(倍),EBIT_interest_coverage_ratio,"double(30,10)",FinanceGuideLine
EBITDA(元),EBITDA,"double(30,10)",FinanceGuideLine
EBITDA利息保障倍数(倍),EBITDA_interest_coverage_ratio,"double(30,10)",FinanceGuideLine
扣除非经常性损益后的稀释每股收益(元),DilutedEarningPerShareAfterDeductNonRecurringGainLosse,"double(30,10)",FinanceGuideLine
净资产收益率_主营业务利润摊薄(%),RateOfReturnOnNetAssetsMainBusinessProfitsDiluted,"double(30,10)",FinanceGuideLine
净资产收益率_主营业务利润加权(%),RateOfReturnOnNetAssetsMainBusinessProfitsWeighted,"double(30,10)",FinanceGuideLine
每股收益_主营业务利润摊薄(元),Earnings_per_share_main_business_profits_diluted,"double(30,10)",FinanceGuideLine
每股收益_主营业务利润加权(元),Earnings_per_share_main_business_profits_weighted,"double(30,10)",FinanceGuideLine
净资产收益率_营业利润摊薄(%),Rate_of_return_on_net_assets_operating_profit_diluted,"double(30,10)",FinanceGuideLine
净资产收益率_营业利润加权(%),Rate_of_return_on_net_assets_operating_profit_weighted,"double(30,10)",FinanceGuideLine
每股收益_营业利润摊薄(元),operating_profit_diluted_earnings_per_share,"double(30,10)",FinanceGuideLine
每股收益_营业利润加权(元),operating_profit_weighted_earnings_per_share,"double(30,10)",FinanceGuideLine
会计年度,Fiscal_year,date,FinanceGuideLine
报表起始日期,Report_date,date,FinanceGuideLine
报表结束日期,Report_end_date,date,FinanceGuideLine
公司代码,Company_code,char(100),AchievementNotice
公告日期,Announcement_date,date,AchievementNotice
报告期,Reporting_period,date,AchievementNotice
类型,type,char(100),AchievementNotice
业绩预告摘要,Summary_of_results,text,AchievementNotice
业绩预告内容,Content_of_results,text,AchievementNotice
上年同期每股收益(元),Earnings_per_share_for_the_same_period_last_year,"double(30,10)",AchievementNotice
公司代码,Company_code,char(100),AssetDevalue
报表日期,Report_date,date,AssetDevalue
一、坏帐准备合计,A_total_provision_for_bad_debts,"double(30,10)",AssetDevalue
其中：应收账款,Accounts_receivable,"double(30,10)",AssetDevalue
其他应收款,Other_accounts_receivable,"double(30,10)",AssetDevalue
二、短期投资跌价准备合计,Short_term_investment_depreciation_reserve_total,"double(30,10)",AssetDevalue
其中：股票投资,stock_investment,"double(30,10)",AssetDevalue
债券投资,Bond_investment,"double(30,10)",AssetDevalue
三、存货跌价准备合计,Total_inventory_impairment,"double(30,10)",AssetDevalue
其中：库存商品,Stock_goods,"double(30,10)",AssetDevalue
原材料,Raw_material,"double(30,10)",AssetDevalue
物料用品,Material_supplies,"double(30,10)",AssetDevalue
低值易耗品,Low_value_consumables,"double(30,10)",AssetDevalue
四、可供出售金融资产减值准备,ProvisionForImpairmentOfFinancialAssetsAvailableForSale,"double(30,10)",AssetDevalue
五、长期投资减值准备合计,Total_long_term_investment_impairment,"double(30,10)",AssetDevalue
其中：长期股权投资减值准备,Impairment_of_long_term_equity_investment,"double(30,10)",AssetDevalue
持有至到期投资减值准备,Holding_to_maturity_investment_impairment,"double(30,10)",AssetDevalue
六、投资性房地产减值准备,Investment_real_estate_impairment,"double(30,10)",AssetDevalue
五、固定资产减值准备合计,Total_impairment_of_fixed_assets,"double(30,10)",AssetDevalue
其中：房屋、建筑物,Buildings_and_buildings,"double(30,10)",AssetDevalue
机器设备,machinery_equipment,"double(30,10)",AssetDevalue
八、工程物资减值准备,Provision_for_impairment_of_engineering_materials,"double(30,10)",AssetDevalue
九、在建工程减值准备,Provision_for_impairment_of_production_in_construction,"double(30,10)",AssetDevalue
十、生产性生物资产减值准备,Productive_biological_assets_depreciation_preparation,"double(30,10)",AssetDevalue
其中：成熟生产性生物资产减值准备,Impairment_of_mature_productive_biological_assets,"double(30,10)",AssetDevalue
十一、油气资产减值准备,Provision_for_impairment_of_oil_and_gas_assets,"double(30,10)",AssetDevalue
十二、无形资产减值准备合计,Total_impairment_of_intangible_assets,"double(30,10)",AssetDevalue
其中：专利权,Patent_right,"double(30,10)",AssetDevalue
商标权,Trademark_rights,"double(30,10)",AssetDevalue
十三、商誉减值准备,Impairment_of_goodwill,"double(30,10)",AssetDevalue
十四、委托贷款减值准备合计,Total_entrusted_loan_impairment,"double(30,10)",AssetDevalue
其中：短期,short_term,"double(30,10)",AssetDevalue
长期,Long_term,"double(30,10)",AssetDevalue
十五、其他,Other,"double(30,10)",AssetDevalue
合计,Total,"double(30,10)",AssetDevalue
公司代码,Company_code,char(100),BadAccount
报表日期,Report_date,date,BadAccount
一、坏帐准备合计,A_total_provision_for_bad_debts,"double(30,10)",BadAccount
其中：应收账款,Accounts_receivable,"double(30,10)",BadAccount
其他应收款,Other_accounts_receivable,"double(30,10)",BadAccount
二、短期投资跌价准备合计,Short_term_investment_depreciation_reserve_total,"double(30,10)",BadAccount
其中：股票投资,stock_investment,"double(30,10)",BadAccount
债券投资,Bond_investment,"double(30,10)",BadAccount
三、存货跌价准备合计,Total_inventory_impairment,"double(30,10)",BadAccount
其中：库存商品,Stock_goods,"double(30,10)",BadAccount
原材料,Raw_material,"double(30,10)",BadAccount
物料用品,Material_supplies,"double(30,10)",BadAccount
低值易耗品,Low_value_consumables,"double(30,10)",BadAccount
四、可供出售金融资产减值准备,ProvisionForImpairmentOfFinancialAssetsAvailableForSale,"double(30,10)",BadAccount
五、长期投资减值准备合计,Total_long_term_investment_impairment,"double(30,10)",BadAccount
其中：长期股权投资减值准备,Impairment_of_long_term_equity_investment,"double(30,10)",BadAccount
持有至到期投资减值准备,Holding_to_maturity_investment_impairment,"double(30,10)",BadAccount
六、投资性房地产减值准备,Investment_real_estate_impairment,"double(30,10)",BadAccount
五、固定资产减值准备合计,Total_impairment_of_fixed_assets,"double(30,10)",BadAccount
其中：房屋、建筑物,Buildings_and_buildings,"double(30,10)",BadAccount
机器设备,machinery_equipment,"double(30,10)",BadAccount
八、工程物资减值准备,Provision_for_impairment_of_engineering_materials,"double(30,10)",BadAccount
九、在建工程减值准备,Provision_for_impairment_of_production_in_construction,"double(30,10)",BadAccount
十、生产性生物资产减值准备,Productive_biological_assets_depreciation_preparation,"double(30,10)",BadAccount
其中：成熟生产性生物资产减值准备,Impairment_of_mature_productive_biological_assets,"double(30,10)",BadAccount
十一、油气资产减值准备,Provision_for_impairment_of_oil_and_gas_assets,"double(30,10)",BadAccount
十二、无形资产减值准备合计,Total_impairment_of_intangible_assets,"double(30,10)",BadAccount
其中：专利权,Patent_right,"double(30,10)",BadAccount
商标权,Trademark_rights,"double(30,10)",BadAccount
十三、商誉减值准备,Impairment_of_goodwill,"double(30,10)",BadAccount
十四、委托贷款减值准备合计,Total_entrusted_loan_impairment,"double(30,10)",BadAccount
其中：短期,short_term,"double(30,10)",BadAccount
长期,Long_term,"double(30,10)",BadAccount
十五、其他,Other,"double(30,10)",BadAccount
合计,Total,"double(30,10)",BadAccount
公司代码,Company_code,char(100),PayTax
公告日期,Announcement_date,date,PayTax
报表类型,Report_type,char(100),PayTax
报告期,Report_period,date,PayTax
应交增值税,VAT,"double(30,10)",PayTax
年初未抵扣数,No_deductible_beginning_number,"double(30,10)",PayTax
销项税额,Substituted_money_on_VAT,"double(30,10)",PayTax
出口退税,Export_drawback,"double(30,10)",PayTax
进项税额转出,The_input_tax_turn,"double(30,10)",PayTax
转出多交增值税,Transfer_out_overpaid_VAT,"double(30,10)",PayTax
进项税额,Amount_of_taxes_on_purchases,"double(30,10)",PayTax
已交税金,Taxes_paid,"double(30,10)",PayTax
减免税款,Tax_relief,"double(30,10)",PayTax
出口抵减内销产品应纳税额,Domestic_products_of_export_credits_payable,"double(30,10)",PayTax
转出未交增值税,Turn_out_not_to_pay_VAT,"double(30,10)",PayTax
期末未抵扣数,Ending_number_is_not_deductible,"double(30,10)",PayTax
未交增值税,VAT_unpaid,"double(30,10)",PayTax
年初未交数,Number_of_unpaid_early,"double(30,10)",PayTax
本期转入数,The_current_number_of_transferred,"double(30,10)",PayTax
本期已交数,This_issue_has_been_handed_over,"double(30,10)",PayTax
期末未交数,Final_number,"double(30,10)",PayTax
公司代码,Company_code,char(100),BenifitChange
报表日期,Report_date,date,BenifitChange
期初数（股本）,Initial_period_share_capital,"double(30,10)",BenifitChange
本期增加（股本）,Current_increase_share_capital,"double(30,10)",BenifitChange
本期减少（股本）,Current_reduction_share_capital,"double(30,10)",BenifitChange
期末数（股本）,Final_number_share_capital,"double(30,10)",BenifitChange
变动原因（股本）,Reason_for_change_share_capital,"double(30,10)",BenifitChange
期初数（资本公积）,Initial_period_capital_reserve,"double(30,10)",BenifitChange
本期增加（资本公积）,Current_increase_capital_reserve,"double(30,10)",BenifitChange
本期减少（资本公积）,Current_reduction_capital_reserve,"double(30,10)",BenifitChange
期末数（资本公积）,Final_number_capital_reserve,"double(30,10)",BenifitChange
变动原因（资本公积）,Reason_for_change_capital_reserve,"double(30,10)",BenifitChange
期初数（盈余公积）,Initial_period_surplus_reserve,"double(30,10)",BenifitChange
本期增加（盈余公积）,Current_increase_surplus_reserve,"double(30,10)",BenifitChange
本期减少（盈余公积）,Current_reduction_surplus_reserve,"double(30,10)",BenifitChange
期末数（盈余公积）,Final_number_surplus_reserve,"double(30,10)",BenifitChange
变动原因（盈余公积）,Reason_for_change_surplus_reserve,"double(30,10)",BenifitChange
期初数（法定公益金）,Initial_period_statutory_welfare_reserve,"double(30,10)",BenifitChange
本期增加（法定公益金）,Current_increase_statutory_welfare_reserve,"double(30,10)",BenifitChange
本期减少（法定公益金）,Current_reduction_statutory_welfare_reserve,"double(30,10)",BenifitChange
期末数（法定公益金）,Final_number_statutory_welfare_reserve,"double(30,10)",BenifitChange
变动原因（法定公益金）,Reason_for_change_statutory_welfare_reserve,"double(30,10)",BenifitChange
期初数（未分配利润）,Initial_period_noassign_profit,"double(30,10)",BenifitChange
本期增加（未分配利润）,Current_increase_noassign_profit,"double(30,10)",BenifitChange
本期减少（未分配利润）,Current_reduction_noassign_profit,"double(30,10)",BenifitChange
期末数（未分配利润）,Final_number_noassign_profit,"double(30,10)",BenifitChange
变动原因（未分配利润）,Reason_for_change_noassign_profit,"double(30,10)",BenifitChange
期初数（股东权益合计）,Initial_period_total_equity,"double(30,10)",BenifitChange
本期增加（股东权益合计）,Current_increase_total_equity,"double(30,10)",BenifitChange
本期减少（股东权益合计）,Current_reduction_total_equity,"double(30,10)",BenifitChange
期末数（股东权益合计）,Final_number_total_equity,"double(30,10)",BenifitChange
公布日期,Date_of_publication,date,BenifitChange
公司代码,Company_code,char(100),InventoryDetail
公告日期,Announcement_date,date,InventoryDetail
存货项目,Inventory_items,char(100),InventoryDetail
存货金额,The_amount_of_inventories,"double(30,10)",InventoryDetail
跌价准备,Devaluation,"double(30,10)",InventoryDetail
单位,unit,char(100),InventoryDetail
公司代码,Company_code,char(100),TaxRateDetail
公告日期,Announcement_date,date,TaxRateDetail
税项,Tax_item,char(100),TaxRateDetail
应交税率(%),Tax_payable,"double(30,10)",TaxRateDetail
实际税率(%),The_effective_tax_rate,"double(30,10)",TaxRateDetail
备注,Remark,text,TaxRateDetail
公司代码,Company_code,char(100),IncomeComposition
公告日期,Announcement_date,date,IncomeComposition
主营业务项目,Main_business_project,char(100),IncomeComposition
主营业务收入,Main_business_income,"double(30,10)",IncomeComposition
主营业务收入比例(%),Main_business_income_ratio,"double(30,10)",IncomeComposition
主营业务成本,Main_business_cost,"double(30,10)",IncomeComposition
主营业务成本比例(%),Main_business_cost_ratio,"double(30,10)",IncomeComposition
主营业务利润,Main_business_profit,"double(30,10)",IncomeComposition
主营业务利润比例(%),Main_business_profit_ratio,"double(30,10)",IncomeComposition
公司代码,Company_code,char(100),AccountDetail
公告日期,Announcement_date,date,AccountDetail
债务人名称,Debtor_name,varchar(100),AccountDetail
欠款金额,Amount_owed,"double(30,10)",AccountDetail
拖欠时间,Default_time,varchar(100),AccountDetail
拖欠原因,Reason_of_default,text,AccountDetail
单位,unit,char(100),AccountDetail
公司代码,Company_code,char(100),AccountAgeStructure
公告日期,Announcement_date,date,AccountAgeStructure
账龄(年),Account_age,varchar(100),AccountAgeStructure
应收帐款余额,Accounts_receivable_balances,"double(30,10)",AccountAgeStructure
提取的坏帐准备,Extraction_of_bad_debts,"double(30,10)",AccountAgeStructure
占总应收帐款比例(%),The_total_accounts_receivable_ratio,"double(30,10)",AccountAgeStructure
单位,unit,char(100),AccountAgeStructure
公司代码,Company_code,char(100),FootNote
报告期,Report_period,date,FootNote
内容,content,text,FootNote
公司代码,Company_code,char(100),AdditionalStock
公告时间,Announcement_time,date,AdditionalStock
增发类型,Additional_types,char(100),AdditionalStock
发行价格,Issue_price,"double(30,10)",AdditionalStock
货币名称,Currency_name,char(100),AdditionalStock
募集资金合计,Total_funds_raised,"double(30,10)",AdditionalStock
发行费用,Issue_expenses,"double(30,10)",AdditionalStock
发行数量,Issue_number,"double(30,10)",AdditionalStock
方案进度,Scheme_schedule,char(100),AdditionalStock
发行价格(元),Issue_price_yuan,"double(30,10)",AdditionalStock
发行数量(股),Issue_number_gu,"double(30,10)",AdditionalStock
公开发行数量(股),Number_of_public_release,"double(30,10)",AdditionalStock
向老股东配售比例,The_old_shareholders_to_placement_ratio,"double(30,10)",AdditionalStock
是否除权,Whether_ex,char(100),AdditionalStock
除权日,Ex_dividend_date,"double(30,10)",AdditionalStock
上市日,Listed_date,date,AdditionalStock
增发市盈率(摊薄),Additional_earnings_diluted,"double(30,10)",AdditionalStock
增发市盈率(加权),Issuance_price_earnings_ratio_weighted,"double(30,10)",AdditionalStock
募集资金合计(元),Total_funds_raised_yuan,"double(30,10)",AdditionalStock
实际募集资金(元),The_actual_funds_raised,"double(30,10)",AdditionalStock
发行方式,Release_mode,char(100),AdditionalStock
承销方式,Underwrite_manner,char(100),AdditionalStock
网下发行数量(股),The_number_issued_offline,"double(30,10)",AdditionalStock
向基金配售数量(股),The_number_of_funds_to_the_fund,"double(30,10)",AdditionalStock
回拨数量(股),Callback_number,"double(30,10)",AdditionalStock
老股东优先配售有效申购户数(户),Old_shareholders_effect_purchase_household,"double(30,10)",AdditionalStock
老股东优先配售有效申购股数(股),Old_shareholders_effect_purchase_share,"double(30,10)",AdditionalStock
预案公告日,Plan_announcement_date,date,AdditionalStock
股东大会公告日,AnnouncementDateOfTheGeneralMeetingOfShareholders,date,AdditionalStock
获准日期,Announcement_time,date,AdditionalStock
公司代码,Company_code,char(100),CollectFund
公告时间,Announcement_time,date,CollectFund
资金来源,Sources_of_funds,char(100),CollectFund
实际募资金额(元),The_actual_amount_of_fund_raising,"double(30,10)",CollectFund
发行费用(元),Issue_expenses,"double(30,10)",CollectFund
货币募集金额(元),Amount_of_money_raised,"double(30,10)",CollectFund
非货币募集金额(元),Raise_the_amount_of_non_monetary,"double(30,10)",CollectFund
货币名称,Currency_name,char(100),CollectFund
募资简介,Raising_profile,text,CollectFund
投资方向,Investment_direction,varchar(100),CollectFund
公司代码,Company_code,char(100),MarketBulletin
上市报告名称,Listed_report_title,varchar(100),MarketBulletin
报告链接,Report_links,varchar(200),MarketBulletin
公司代码,Company_code,char(100),NewStock
证券代码,Stock_code,char(100),NewStock
证券简称,Securities_abbreviation,char(100),NewStock
面值,denomination,"double(30,10)",NewStock
发行价格,Issue_price,"double(30,10)",NewStock
货币名称,Currency_name,char(100),NewStock
募集资金合计,Total_funds_raised,"double(30,10)",NewStock
发行费用,Issue_expenses,"double(30,10)",NewStock
预测净利润,Forecast_net_profit,"double(30,10)",NewStock
盈利预测年度,Profit_forecast_year,date,NewStock
申购上限(个人),Purchase_limit_individual,"double(30,10)",NewStock
申购上限(机构),Purchase_limit_institution,"double(30,10)",NewStock
发行数量,Issue_number,"double(30,10)",NewStock
上网发行数量,Internet_issue_number,"double(30,10)",NewStock
二级市场配售发行数量,The_secondary_market_issue_number,"double(30,10)",NewStock
向基金配售数量,The_number_of_funds_to_the_fund,"double(30,10)",NewStock
其它发行数量,Other_issue_quantity,"double(30,10)",NewStock
发行方式,Release_mode,char(100),NewStock
承销方式,Underwrite_manner,char(100),NewStock
承销商余额认购数量,Underwriter_balance_amount,"double(30,10)",NewStock
上网发行日期,Online_release_date,date,NewStock
上网发行有效申购户数,The_online_issuance_of_effective_subscription_number,"double(30,10)",NewStock
上网发行有效申购数量,Online_issue_of_the_number_of_valid_purchase,"double(30,10)",NewStock
上网发行中签率,Internet_lottery_rate,"double(30,10)",NewStock
上市日期,Listed_date,date,NewStock
二级市场配售日期,Secondary_market_placement_date,date,NewStock
二级市场配售有效申购户数,PlacingEffectivePurchaseInSecondaryMarketHouseholds,"double(30,10)",NewStock
二级市场配售有效申购股数,Placing_effective_secondary_market_purchase_of_shares,"double(30,10)",NewStock
二级市场配售发行中签率(%),Placing_the_secondary_market_issuance_success_rate,"double(30,10)",NewStock
二级市场配售缴款日期,Secondary_market_placement_date_of_payment,date,NewStock
战略投资者获配股份上市日期,Strategic_investors_with_shares_listed_date,date,NewStock
发行公告日,Issue_announcement_date,date,NewStock
发行结果公告日,Issue_results_announcement_date,date,NewStock
招股公告日,IPO_announcement,date,NewStock
上市公告日,Public_announcement_date,date,NewStock
是否增发,Whether_additional,char(100),NewStock
是否减持国有股,Whether_to_reduce_the_state_owned_shares,char(100),NewStock
主承销商,Main_underwriter,varchar(100),NewStock
分销商名称,Distributor_Name,varchar(100),NewStock
国际协调人,International_Coordinator,varchar(100),NewStock
上市推荐人,Listing_recommendation,varchar(100),NewStock
公告日期,Announcement_date,date,NewStock
初步询价报价区间下限(元),Lower_price_range,"double(30,10)",NewStock
初步询价报价区间上限(元),Preliminary_inquiry_price_range_ceiling,"double(30,10)",NewStock
发行价格(元),Issue_price_yuan,"double(30,10)",NewStock
发行数量(股),Issue_number_gu,"double(30,10)",NewStock
发行市盈率(摊薄),Earnings_ratio_diluted,"double(30,10)",NewStock
发行市盈率(加权),Earnings_ratio_weighted,"double(30,10)",NewStock
募集资金总额(元),The_total_funds_raised,"double(30,10)",NewStock
发行费用(元),Issue_expenses_yuan,"double(30,10)",NewStock
实际募集资金净额(元),The_actual_net_proceeds,"double(30,10)",NewStock
向一般法人配售数量(股),Placing_the_number_to_the_general_legal,"double(30,10)",NewStock
向战略投资者配售数量(股),Number_rationed_to_strategic_investors,"double(30,10)",NewStock
向基金配售数量(股),The_number_of_funds_to_the_fund_gu,"double(30,10)",NewStock
其他发行数量(股),Other_issue_number,"double(30,10)",NewStock
面值(元),denomination_yuan,"double(30,10)",NewStock
公司代码,Company_code,char(100),InvestmentRating
评级日期,Rating_date,date,InvestmentRating
研究机构,Research_institutions,varchar(100),InvestmentRating
研究员,researcher,varchar(100),InvestmentRating
最新评级,Latest_rating,char(100),InvestmentRating
公司代码,Company_code,char(100),RaiseExplanation
说明书名称,Specification_name,varchar(100),RaiseExplanation
说明书链接,Manual_link,varchar(200),RaiseExplanation
公司代码,Company_code,char(100),ShareBonusFh
公告日期,Announcement_date,date,ShareBonusFh
送股(股),Bonus_shares,"double(30,10)",ShareBonusFh
转增(股),Increase_by_transferring,"double(30,10)",ShareBonusFh
派息(税前)(元),dividend,"double(30,10)",ShareBonusFh
进度,Speed_of_progress,char(100),ShareBonusFh
除权除息日,Ex_dividend_date,date,ShareBonusFh
股权登记日,Equity_registration_date,date,ShareBonusFh
红股上市日,The_date_of_listing,date,ShareBonusFh
详细链接,Detailed_link,varchar(300),ShareBonusFh
报告期日期,Announcement_date,date,ShareBonusFh
方案进度,Scheme_schedule,char(100),ShareBonusFh
每十股送股比例,The_proportion_of_bonus_shares,"double(30,10)",ShareBonusFh
转增比例,Capitalization_ratio,"double(30,10)",ShareBonusFh
每十股派息(税前)(元),Dividend_for_every_ten_shares,"double(30,10)",ShareBonusFh
股权登记日/B股最后交易日,Equity_registration_dateDivideB_shares_last_trading_day,date,ShareBonusFh
B股股权登记日,B_shares_registration_date,date,ShareBonusFh
派息日,Dividend_date,date,ShareBonusFh
红股上市交易日,The_date_of_listing_and_trade,date,ShareBonusFh
基准股本(股),Benchmark_capital_stock,"double(30,10)",ShareBonusFh
预案公告日,Plan_announcement_date,date,ShareBonusFh
股东大会公告日,AnnouncementDateOfTheGeneralMeetingOfShareholders,date,ShareBonusFh
实施公告日,Announcement_date,date,ShareBonusFh
公司代码,Company_code,char(100),ShareBonusPg
公告日期,Announcement_date,date,ShareBonusPg
配股方案(每10股配股股数),Allotment_scheme,"double(30,10)",ShareBonusPg
配股价格(元),Allotment_price,"double(30,10)",ShareBonusPg
基准股本(万股),Equity_benchmarks,"double(30,10)",ShareBonusPg
除权日,Ex_dividend_date,date,ShareBonusPg
股权登记日,Equity_registration_date,date,ShareBonusPg
缴款起始日,Payment_start_date,date,ShareBonusPg
缴款终止日,Payment_date_of_termination,date,ShareBonusPg
配股上市日,Allotment_day,date,ShareBonusPg
募集资金合计(元),Total_funds_raised,"double(30,10)",ShareBonusPg
详细链接,Details_links,text,ShareBonusPg
公司代码,Company_code,char(100),CirculateStockHolder
截止日期,deadline,date,CirculateStockHolder
公告日期,Announcement_date,date,CirculateStockHolder
编号,Number,char(100),CirculateStockHolder
股东名称,Name_of_shareholder,varchar(100),CirculateStockHolder
持股数量(股),Number_of_shares,"double(30,10)",CirculateStockHolder
持股比例(%),Shareholding_ratio,"double(30,10)",CirculateStockHolder
股本性质,Equity_nature,varchar(100),CirculateStockHolder
公司代码,Company_code,char(100),FundStockHolder
截止日期,deadline,date,FundStockHolder
基金名称,Fund_name,varchar(100),FundStockHolder
基金代码,Fund_code,char(100),FundStockHolder
持仓数量(股),Position_number,"double(30,10)",FundStockHolder
占流通股比例(%),Proportion_of_tradable_shares,"double(30,10)",FundStockHolder
持股市值（元）,Stock_market_value,"double(30,10)",FundStockHolder
占净值比例（%）,Proportion_of_net_worth,"double(30,10)",FundStockHolder
公司代码,Company_code,char(100),StockHolder
截至日期,deadline,date,StockHolder
公告日期,Announcement_date,date,StockHolder
股东说明,Shareholders_description,text,StockHolder
股东总数,Total_number_of_shareholders,"double(30,10)",StockHolder
平均持股数,Average_number_of_shares,"double(30,10)",StockHolder
编号,Number,char(100),StockHolder
股东名称,Name_of_shareholder,varchar(200),StockHolder
持股数量(股),Number_of_shares,"double(30,10)",StockHolder
持股比例(%),Shareholding_ratio,"double(30,10)",StockHolder
股本性质,Equity_nature,char(100),StockHolder
公司全称,Complete_company_name,varchar(100),PublicCompany
公司代码,Company_code,char(100),PublicCompany
A股代码,A_share_code,char(100),PublicCompany
B股代码,B_share_code,char(100),PublicCompany
A股简称,A_share_abbreviation,char(8),PublicCompany
B股简称,B_share_abbreviation,char(8),PublicCompany
英文名称,English_name,varchar(100),PublicCompany
公司简称,Company_abbreviation,char(8),PublicCompany
地址,Address,varchar(100),PublicCompany
转让方式,Transfer_mode,char(100),PublicCompany
A股上市日期,A_share_listed_date,date,PublicCompany
B股上市日期,B_share_listed_date,date,PublicCompany
注册地址,Registered_address,varchar(100),PublicCompany
地区,Region,char(2),PublicCompany
省份,Province,varchar(7),PublicCompany
城市,City,varchar(8),PublicCompany
注册资本(万元),Registered_capital_wanyuan,"double(30,10)",PublicCompany
办公地址,Office_address,varchar(100),PublicCompany
邮政编码,Postcode,char(8),PublicCompany
法定代表人,LegalRepresentative,varchar(100),PublicCompany
董事会秘书,Board_Secretary,varchar(100),PublicCompany
联系电话,Telephone,varchar(100),PublicCompany
联系传真,Fax,varchar(100),PublicCompany
电子信箱,Email,varchar(100),PublicCompany
公司网址,Company_website,varchar(100),PublicCompany
A股上市地点,A_share_listing_location,char(3),PublicCompany
B股上市地点,B_share_listing_location,char(3),PublicCompany
所属行业,BelongToIndustry,varchar(100),PublicCompany
经营范围,Business_scope,text,PublicCompany
公司章程,Articles_of_corporation,text,PublicCompany
公司章程URL,Articles_of_corporation_URL,varchar(200),PublicCompany
公司logo,Company_logo,varchar(100),PublicCompany
公司注册号,Registration_No,char(100),PublicCompany
公司成就,Company_achievement,text,PublicCompany
第一大股东名称,Name_of_the_largest_shareholder,char(100),PublicCompany
第一大股东持股数量(股),Number_of_shares_of_the_largest_shareholder,"double(30,10)",PublicCompany
第一大股东持股比例,The_proportion_of_the_first_largest_shareholder,"double(30,10)",PublicCompany
公司简介,Company_profile,text,PublicCompany
子公司,Subsidiary_corporation,text,PublicCompany
公司总部,Corporate_headquarters,text,PublicCompany
公司名称,Company_name,varchar(100),PublicCompany
公司英文名称,CompanyEnglishName,varchar(100),PublicCompany
上市市场,Listed_market,char(100),PublicCompany
上市日期,Listed_date,date,PublicCompany
发行价格,Issue_price,"double(30,10)",PublicCompany
主承销商,Main_underwriter,varchar(100),PublicCompany
成立日期,Date_of_establishment,date,PublicCompany
注册资本,Registered_capital,"double(30,10)",PublicCompany
机构类型,Institution_type,char(100),PublicCompany
组织形式,Organization_form,char(100),PublicCompany
董事会秘书：,Board_Secretary,char(100),PublicCompany
公司电话：,Company_telephone,varchar(100),PublicCompany
董秘电话：,Board_Secretary_phone,varchar(100),PublicCompany
公司传真：,Fax,varchar(100),PublicCompany
董秘传真：,Board_Secretary_fax,varchar(100),PublicCompany
公司电子信箱：,Email,varchar(100),PublicCompany
董秘电子信箱：,Board_Secretary_email,varchar(100),PublicCompany
公司网址：,Company_website,varchar(100),PublicCompany
邮政编码：,Postcode,char(100),PublicCompany
信息披露网址,Information_disclosure_website,varchar(100),PublicCompany
证券简称更名历史,Securities_referred_to_the_history_of_the_name,text,PublicCompany
注册地址：,Registered_address,varchar(100),PublicCompany
办公地址：,Office_address,varchar(100),PublicCompany
公司简介：,Company_profile,text,PublicCompany
经营范围：,Business_scope,text,PublicCompany
曾用名,Name_used_before,varchar(100),PublicCompany
工商登记号,Business_registration_number,varchar(100),PublicCompany
注册资本(元),Registered_capital_yuan,"double(30,10)",PublicCompany
法人代表,Legal_representative,varchar(100),PublicCompany
所属证监会行业,Belongs_to_the_SFC_industry,char(100),PublicCompany
员工总数(人),TotalNumberOfEmployees,"double(30,10)",PublicCompany
总经理,General_manager,char(100),PublicCompany
邮编,Post_code,char(100),PublicCompany
电话,Company_telephone,varchar(100),PublicCompany
传真,Fax,varchar(100),PublicCompany
电子邮件,Email,varchar(100),PublicCompany
公司网站,Company_website,varchar(100),PublicCompany
审计机构,Audit_institutions,varchar(100),PublicCompany
法律顾问,Counsel,varchar(100),PublicCompany
经营分析,Management_analysis,text,PublicCompany
简史,Brief_history,text,PublicCompany
挂牌日期,ListedDate,date,PublicCompany
行业,Industry,char(100),PublicCompany
主办券商,Sponsored_brokerage,varchar(100),PublicCompany
历史沿革,History,text,PublicCompany
主营业务,Main_business,text,PublicCompany
注册资本(万),Registered_capital_wan,"double(30,10)",PublicCompany
公司地址,CompanyAddress,varchar(100),PublicCompany
公司电话,Company_telephone,varchar(100),PublicCompany
公司传真,Fax,varchar(100),PublicCompany
员工总数,Total_number_of_employees,"double(30,10)",PublicCompany
公司沿革,Company_history,text,PublicCompany
公司代码,Company_code,char(100),BoardOfDirectors
姓名,name,char(100),BoardOfDirectors
职务,post,char(100),BoardOfDirectors
任职日期,Date_of_appointment,date,BoardOfDirectors
离职日期,Date_of_separation,date,BoardOfDirectors
公司代码,Company_code,char(100),Executives
姓名,Name,char(100),Executives
职务,Post,char(100),Executives
出生年份,Date_of_birth,char(100),Executives
性别,Gender,char(100),Executives
学历,Degree,char(100),Executives
任职日期,Date_of_appointment,date,Executives
离职日期,Date_of_separation,date,Executives
个人简历,resume,text,Executives
职称,Job_title,char(100),Executives
年薪,Year_salary,"double(30,10)",Executives
公司代码,Company_code,char(100),SupervisoryBoard
姓名,name,char(100),SupervisoryBoard
职务,post,char(100),SupervisoryBoard
任职日期,Date_of_appointment,date,SupervisoryBoard
离职日期,Date_of_separation,date,SupervisoryBoard
公司代码,Company_code,char(100),Plate
板块,plate,char(100),Plate
个股,Individual_stock,varchar(100),Plate
公司代码,Company_code,char(100),CompanyRelatedDepartment
公司系,Company_department,char(100),CompanyRelatedDepartment
其他个股,Other_individual_stock,varchar(100),CompanyRelatedDepartment
公司代码,Company_code,char(100),CompanyRelatedIndex
指数名称,Index_name,char(100),CompanyRelatedIndex
指数代码,Index_code,char(100),CompanyRelatedIndex
进入日期,Entry_date,date,CompanyRelatedIndex
退出日期,Exit_date,date,CompanyRelatedIndex
公司代码,Company_code,char(100),CompanyRelatedSecurities
品种简称,Species_name,char(100),CompanyRelatedSecurities
品种代码,Variety_code,char(100),CompanyRelatedSecurities
公司代码,Company_code,char(100),StockStructure
总股本,Whole_capital,"double(30,10)",StockStructure
已流通股票,Tradable_shares,"double(30,10)",StockStructure
其中：A股,A_share,"double(30,10)",StockStructure
B股,B_share,"double(30,10)",StockStructure
H（或S、N）股,H_srock_S_stock_N_stock,"double(30,10)",StockStructure
其他,Others,"double(30,10)",StockStructure
流通受限股,Restricted_stock,"double(30,10)",StockStructure
其中：配售法人,Placing_legal_person,"double(30,10)",StockStructure
战略投资者,Strategic_investor,"double(30,10)",StockStructure
证券投资基金,Securities_investment_funds,"double(30,10)",StockStructure
一般法人,Legal_person,"double(30,10)",StockStructure
其他流通受限,Other_limited_circulation,"double(30,10)",StockStructure
国家持股,State_Shareholding,"double(30,10)",StockStructure
国有法人持股,StateOwnedLegalPersonShares,"double(30,10)",StockStructure
其他内资持股,Other_domestic_shares,"double(30,10)",StockStructure
外资受限股,Foreign_shares_limited,"double(30,10)",StockStructure
截止时间,Dead_line,date,StockStructure
流通股总计,Total_non_circulation_stock,"double(30,10)",StockStructure
已上市流通A股,Listed_A_shares,"double(30,10)",StockStructure
已上市流通B股,Listed_B_shares,"double(30,10)",StockStructure
已上市流通H股,Listed_H_shares,"double(30,10)",StockStructure
境外流通股,Overseas_circulation_stock,"double(30,10)",StockStructure
限售A股,Restricted_A_shares,"double(30,10)",StockStructure
其它内资持股合计,Other_domestic_ownership_shares,"double(30,10)",StockStructure
境内法人持股,DomesticLegalPersonShares,"double(30,10)",StockStructure
其他境内自然人持股,Other_domestic_natural_person_shares,"double(30,10)",StockStructure
外资持股合计,Total_foreign_ownership,"double(30,10)",StockStructure
境外法人持股,Foreign_legal_person_shares,"double(30,10)",StockStructure
境外自然人持股,Foreign_natural_person_shares,"double(30,10)",StockStructure
非流通股本,Non_tradable_equity,"double(30,10)",StockStructure
国有股,State_owned_shares,"double(30,10)",StockStructure
国有法人股,State_owned_legal_person_shares,"double(30,10)",StockStructure
境内法人股,Domestic_legal_person_shares,"double(30,10)",StockStructure
募集法人股,Raised_legal_person_shares,"double(30,10)",StockStructure
一般法人股,General_corporate_shares,"double(30,10)",StockStructure
转配股,Turn_allotment,"double(30,10)",StockStructure
内部职工股,Internal_employee_stock,"double(30,10)",StockStructure
优先股,Preferred_stock,"double(30,10)",StockStructure
股本变动原因,Reasons_for_changes_in_share_capital,char(100),StockStructure
公告日期,Report_date,date,StockStructure
时间,Report_date,date,StockStructure
变动日期,Date_changes,date,StockStructure
可转让A股,Negotiable_A_shares,"double(30,10)",StockStructure
国家股,StateOwnedShares,"double(30,10)",StockStructure
法人股,Legal_person_shares,"double(30,10)",StockStructure
H股,H_shares,"double(30,10)",StockStructure
公司代码,Company_code,char(100),TenLargestShareholders
股东名称,Shareholder_name,varchar(100),TenLargestShareholders
持股数(股),The_number_of_shares_gu,"double(30,10)",TenLargestShareholders
持股比例(%),Shareholding_ratio,varchar(100),TenLargestShareholders
环比增减股数(股),The_number_of_shares_decrease_QoQ,"double(30,10)",TenLargestShareholders
股份性质,Share_property,char(100),TenLargestShareholders
截止时间,deadline,date,TenLargestShareholders
持股数,The_number_of_shares,"double(30,10)",TenLargestShareholders
信息更新日期,deadline,date,TenLargestShareholders
股东排名,Shareholders_ranking,char(100),TenLargestShareholders
持股数量占总股本比例,The_number_of_shares_of_the_total_share_capital,"double(30,10)",TenLargestShareholders
日期,deadline,date,TenLargestShareholders
排名,Shareholders_ranking,char(100),TenLargestShareholders
持股数量(股),Number_of_shares,"double(30,10)",TenLargestShareholders
占总股本比例(%),The_total_capital_ratio,"double(30,10)",TenLargestShareholders
增减(股),Increase_or_decrease,char(100),TenLargestShareholders
截止日期,deadline,date,TenLargestShareholders
持有股数,The_number_of_shares,"double(30,10)",TenLargestShareholders
股本性质,Equity_nature,char(100),TenLargestShareholders
公司代码,Company_code,char(100),XsbFhpg
科目,year,char(100),XsbFhpg
发动对象,Launched_objects,char(100),XsbFhpg
除权股息日,Ex_dividend_day,date,XsbFhpg
股本基数（股）,Equity_base,"double(30,10)",XsbFhpg
税前红利/税前红利上限（股票币种）（元）,PreTaxBonus_divide_PTBCStockCurrency,"double(30,10)",XsbFhpg
税前红利下限（股票币种）（元）,Lower_pre_tax_dividend,"double(30,10)",XsbFhpg
税后红利（股票币种）（元）,Dividend,"double(30,10)",XsbFhpg
税前红利/税前红利上限（人民币）（元）,PreTaxBonus_divide_PreTaxBonusCap,"double(30,10)",XsbFhpg
税前红利下限（人民币）（元）,Lower_pre_tax_dividend_RMB,"double(30,10)",XsbFhpg
税后红利（人民币）（元）,After_tax_dividend,"double(30,10)",XsbFhpg
外汇折算汇率,Exchange_rate_of_foreign_exchange,"double(30,10)",XsbFhpg
现金红利发放起始日,Cash_dividend_payment_startDay,char(100),XsbFhpg
现金红利发放截止日,Cash_dividend_payment_deadline,char(100),XsbFhpg
送股比例（10：X）,The_proportion_of_bonus,"double(30,10)",XsbFhpg
转增比例（10：X）,Capitalization_ratio,"double(30,10)",XsbFhpg
盈余公积金转增比例（10：X）,Surplus_public_reserve_ratio,"double(30,10)",XsbFhpg
资本公积金转增比例（10：X）,Capital_accumulation_fund_ratio,"double(30,10)",XsbFhpg
赠股比例（10：X）,Share_ratio_gift,"double(30,10)",XsbFhpg
分红金额合计（按股本基数，人民币）（万元）,Total_dividend_amount,"double(30,10)",XsbFhpg
送股数量合计（按股本基数）（万股）,Total_number_of_bonus_shares,"double(30,10)",XsbFhpg
转增数量合计（按股本基数）（万股）,Total_capitalization_Number,"double(30,10)",XsbFhpg
赠股数量合计（按股本基数）（万股）,Total_number_of_shares_gift,"double(30,10)",XsbFhpg
公司代码,Company_code,char(100),MainActivity
日期,date,date,MainActivity
净资产收益率(%),Roe,"double(30,10)",MainActivity
总资产净利率(%),Total_assets_net_interest_rate,"double(30,10)",MainActivity
营业净利润率(%),Operating_net_profit_margin,"double(30,10)",MainActivity
净利润(元),Net_profit,"double(30,10)",MainActivity
收入总额(元),Gross_income,"double(30,10)",MainActivity
营业收入(元),Business_income,"double(30,10)",MainActivity
公允价值变动收益(元),Changes_in_fair_value_gains,"double(30,10)",MainActivity
营业外收入(元),Non_operating_income,"double(30,10)",MainActivity
投资收益(元),Investment_income,"double(30,10)",MainActivity
成本总额(元),The_total_cost,"double(30,10)",MainActivity
营业成本(元),Operating_cost,"double(30,10)",MainActivity
营业税金及附加(元),Business_taxes_and_additional,"double(30,10)",MainActivity
所得税费用(元),Income_tax_expense,"double(30,10)",MainActivity
资产减值损失(元),Assets_impairment_loss,"double(30,10)",MainActivity
营业外支出(元),Non_operating_expense,"double(30,10)",MainActivity
期间费用(元),Expenses_for_the_period,"double(30,10)",MainActivity
财务费用(元),Financial_expenses,"double(30,10)",MainActivity
销售费用(元),Sales_expense,"double(30,10)",MainActivity
管理费用(元),Management_costs,"double(30,10)",MainActivity
总资产周转率(%),Total_asset_turnover,"double(30,10)",MainActivity
资产总额(元),Total_assets,"double(30,10)",MainActivity
流动资产(元),Current_assets,"double(30,10)",MainActivity
货币资金(元),Money_funds,"double(30,10)",MainActivity
交易性金融资产(元),Trading_financial_assets,"double(30,10)",MainActivity
应收账款(元),Accounts_receivable,"double(30,10)",MainActivity
预付账款(元),Advance_payment,"double(30,10)",MainActivity
其他应收款(元),Receivable_other,"double(30,10)",MainActivity
存货(元),Stock,"double(30,10)",MainActivity
其他流动资产(元),Other_current_assets,"double(30,10)",MainActivity
非流动资产(元),Non_current_assets,"double(30,10)",MainActivity
可供出售金融资产(元),Financial_assets_available_for_sale,"double(30,10)",MainActivity
持有至到期投资(元),Held_to_maturity_investments,"double(30,10)",MainActivity
长期股权投资(元),Long_term_equity_investment,"double(30,10)",MainActivity
投资性房地产(元),Investment_real_estate,"double(30,10)",MainActivity
固定资产(元),Fixed_assets,"double(30,10)",MainActivity
在建工程(元),Construction_in_progress,"double(30,10)",MainActivity
无形资产(元),Intangible_assets,"double(30,10)",MainActivity
开发支出(元),Development_expenditure,"double(30,10)",MainActivity
商誉(元),Goodwill,"double(30,10)",MainActivity
长期待摊费用(元),Long_term_prepaid_expenses,"double(30,10)",MainActivity
递延所得税资产(元),Deferred_tax_assets,"double(30,10)",MainActivity
其他非流动资产(元),Other_non_current_assets,"double(30,10)",MainActivity
权益乘数,Equity_multiplier,"double(30,10)",MainActivity
资产负债率(%),Assets_and_liabilities,"double(30,10)",MainActivity
负债总额(元),Total_liabilities,"double(30,10)",MainActivity
公司代码,Company_code,char(100),EarningPrediction
日期,date,date,EarningPrediction
机构,institution,char(100),EarningPrediction
研究员,Researcher,varchar(100),EarningPrediction
实际值,Actual_value,"double(30,10)",EarningPrediction
预测年度1,Forecast_for_the_year1,"double(30,10)",EarningPrediction
预测年度2,Forecast_for_the_year2,"double(30,10)",EarningPrediction
预测年度3,Forecast_for_the_year3,"double(30,10)",EarningPrediction
预测年度4,Forecast_for_the_year4,"double(30,10)",EarningPrediction
预测年度5,Forecast_for_the_year5,"double(30,10)",EarningPrediction
评级,Grade,char(100),EarningPrediction
公司代码,Company_code,char(100),EarningTrend
报告期日期,Reporting_period,date,EarningTrend
单季度.每股收益(元),SingleQuarter_EPS,"double(30,10)",EarningTrend
单季度.销售毛利率(%),SingleQuarter_gross_margin,"double(30,10)",EarningTrend
单季度.销售净利率(%),SingleQuarter_sales_margin,"double(30,10)",EarningTrend
单季度.摊薄净资产收益率ROE(%),SingleQuarter_ROE,"double(30,10)",EarningTrend
单季度.摊薄总资产净利率ROA(%),SingleQuarter_ROA,"double(30,10)",EarningTrend
单季度.营业总收入(元),SingleQuarter_total_operating_income,"double(30,10)",EarningTrend
单季度.营业总成本(元),SingleQuarter_total_operating_cost,"double(30,10)",EarningTrend
单季度.营业收入(元),SingleQuarter_operating_income,"double(30,10)",EarningTrend
单季度.营业成本(元),SingleQuarter_operating_cost,"double(30,10)",EarningTrend
单季度.营业利润(元),SingleQuarter_operating_profit,"double(30,10)",EarningTrend
单季度.利润总额(元),SingleQuarter_total_profit,"double(30,10)",EarningTrend
单季度.净利润(元),SingleQuarter_net_profit,"double(30,10)",EarningTrend
单季度.归属母公司股东的净利润(元),SingleQuarter_netProfit_belongtoParent,"double(30,10)",EarningTrend
单季度.经营活动产生的现金流量(元),SingleQuarter_cashflow_fromOPActivity,"double(30,10)",EarningTrend
单季度.投资活动产生的现金流量(元),SingleQuarter_cashflow_fromInvestActivity,"double(30,10)",EarningTrend
单季度.筹资活动产生的现金流量(元),SingleQuarter_cashflow_fromFinanceActivity,"double(30,10)",EarningTrend
单季度.现金及现金等价物净增加(元),SingleQuarter_netIncrease_InCash,"double(30,10)",EarningTrend
公司代码,Company_code,char(100),RestrictedSale
上市日期,Listed_date,date,RestrictedSale
上市股份数量(股),Number_of_listed_shares,"double(30,10)",RestrictedSale
上市股份类型,Listed_shares_type,char(100),RestrictedSale
占已流通数量比例(%),Accounted_for_the_proportion_of_circulation,"double(30,10)",RestrictedSale
占总股本比例(%),Proportion_of_total_share_capital,"double(30,10)",RestrictedSale
公司代码,Company_code,char(100),IncomeTrend
报告期日期,Reporting_period,date,IncomeTrend
单季度.每股收益(元),SingleQuarter_EPS,"double(30,10)",IncomeTrend
单季度.销售毛利率(%),SingleQuarter_gross_margin,"double(30,10)",IncomeTrend
单季度.销售净利率(%),SingleQuarter_sales_margin,"double(30,10)",IncomeTrend
单季度.摊薄净资产收益率ROE(%),SingleQuarter_ROE,"double(30,10)",IncomeTrend
单季度.摊薄总资产净利率ROA(%),SingleQuarter_ROA,"double(30,10)",IncomeTrend
单季度.营业总收入(元),SingleQuarter_total_operating_income,"double(30,10)",IncomeTrend
单季度.营业总成本(元),SingleQuarter_total_operating_cost,"double(30,10)",IncomeTrend
单季度.营业收入(元),SingleQuarter_operating_income,"double(30,10)",IncomeTrend
单季度.营业成本(元),SingleQuarter_operating_cost,"double(30,10)",IncomeTrend
单季度.营业利润(元),SingleQuarter_operating_profit,"double(30,10)",IncomeTrend
单季度.利润总额(元),SingleQuarter_total_profit,"double(30,10)",IncomeTrend
单季度.净利润(元),SingleQuarter_net_profit,"double(30,10)",IncomeTrend
单季度.归属母公司股东的净利润(元),SingleQuarter_netProfit_belongtoParent,"double(30,10)",IncomeTrend
单季度.经营活动产生的现金流量(元),SingleQuarter_cashflow_fromOPActivity,"double(30,10)",IncomeTrend
单季度.投资活动产生的现金流量(元),SingleQuarter_cashflow_fromInvestActivity,"double(30,10)",IncomeTrend
单季度.筹资活动产生的现金流量(元),SingleQuarter_cashflow_fromFinanceActivity,"double(30,10)",IncomeTrend
单季度.现金及现金等价物净增加(元),SingleQuarter_netIncrease_InCash,"double(30,10)",IncomeTrend
公司代码,Company_code,char(100),TenTradableShareholders
日期,date,date,TenTradableShareholders
排名,rank,char(100),TenTradableShareholders
股东名称,Name_of_shareholder,varchar(100),TenTradableShareholders
股东性质,Nature_of_shareholders,char(100),TenTradableShareholders
持股数量(股),Number_of_shares,"double(30,10)",TenTradableShareholders
占流通股本比例(%),Proportion_of_tradable_share_capital,"double(30,10)",TenTradableShareholders
增减(股),Increase_or_decrease,char(100),TenTradableShareholders
股本性质,Equity_nature,char(100),TenTradableShareholders
公司代码,Company_code,char(100),ProfitTrend
报告期日期,Reporting_period,date,ProfitTrend
单季度.每股收益(元),SingleQuarter_EPS,"double(30,10)",ProfitTrend
单季度.销售毛利率(%),SingleQuarter_gross_margin,"double(30,10)",ProfitTrend
单季度.销售净利率(%),SingleQuarter_sales_margin,"double(30,10)",ProfitTrend
单季度.摊薄净资产收益率ROE(%),SingleQuarter_ROE,"double(30,10)",ProfitTrend
单季度.摊薄总资产净利率ROA(%),SingleQuarter_ROA,"double(30,10)",ProfitTrend
单季度.营业总收入(元),SingleQuarter_total_operating_income,"double(30,10)",ProfitTrend
单季度.营业总成本(元),SingleQuarter_total_operating_cost,"double(30,10)",ProfitTrend
单季度.营业收入(元),SingleQuarter_operating_income,"double(30,10)",ProfitTrend
单季度.营业成本(元),SingleQuarter_operating_cost,"double(30,10)",ProfitTrend
单季度.营业利润(元),SingleQuarter_operating_profit,"double(30,10)",ProfitTrend
单季度.利润总额(元),SingleQuarter_total_profit,"double(30,10)",ProfitTrend
单季度.净利润(元),SingleQuarter_net_profit,"double(30,10)",ProfitTrend
单季度.归属母公司股东的净利润(元),SingleQuarter_netProfit_belongtoParent,"double(30,10)",ProfitTrend
单季度.经营活动产生的现金流量(元),SingleQuarter_cashflow_fromOPActivity,"double(30,10)",ProfitTrend
单季度.投资活动产生的现金流量(元),SingleQuarter_cashflow_fromInvestActivity,"double(30,10)",ProfitTrend
单季度.筹资活动产生的现金流量(元),SingleQuarter_cashflow_fromFinanceActivity,"double(30,10)",ProfitTrend
单季度.现金及现金等价物净增加(元),SingleQuarter_netIncrease_InCash,"double(30,10)",ProfitTrend
公司代码,Company_code,char(100),DetailShareholders
报告期,Reporting_period,date,DetailShareholders
股东总户数(户),The_total_number_of_shareholders,"double(30,10)",DetailShareholders
股东总户数较上期变化(%),The_change_of_TNOS_over_previous,"double(30,10)",DetailShareholders
其中：A股户数(户),A_share_of_households,"double(30,10)",DetailShareholders
A股户数较上期变化(%),The_change_of_ASOHH_over_previous,"double(30,10)",DetailShareholders
户均持股数(总股本/总户数)(股),Total_equity_divide_TNOS,"double(30,10)",DetailShareholders
户均持股数(流通A股/A股股东户数)(股),A_shares_DIVIDE_ASOHH,"double(30,10)",DetailShareholders
前十大股东持股比例合计(%),The_total_percentage_of_top10_shareholders,"double(30,10)",DetailShareholders
前十大流通股东持股比例合计(%),The_total_percentage_of_top10_tradeShareholders,"double(30,10)",DetailShareholders
